{
	"Header" : {
		"DateTime" : "Wed Jul 08 10:48:17 2015",
		"DTK_Version" : "3807 v1.6Release 2014/04/16 16:05:41",
		"Report_Version" : "3",
		"Timesteps" : 100,
		"Channels" : 28
	},
	"Channels" : {
		"Average Age" : {
			"Units" : "",
			"Data" : [
				8566.32,
				8565.95,
				8566.95,
				8563.67,
				8559.85,
				8558.87,
				8559.87,
				8556.59,
				8557.59,
				8558.59,
				8555.31,
				8556.32,
				8553.04,
				8556.97,
				8557.97,
				8550.43,
				8547.16,
				8548.16,
				8549.16,
				8544.23,
				8545.23,
				8546.23,
				8550.83,
				8551.84,
				8552.83,
				8553.84,
				8554.83,
				8550.57,
				8551.57,
				8552.57,
				8549.3,
				8550.3,
				8551.3,
				8543.93,
				8544.93,
				8545.93,
				8541.53,
				8534.65,
				8535.65,
				8536.65,
				8537.65,
				8538.65,
				8539.65,
				8536.39,
				8537.39,
				8538.39,
				8539.39,
				8540.39,
				8541.39,
				8542.39,
				8543.39,
				8540.13,
				8541.13,
				8537.87,
				8541.16,
				8542.16,
				8543.16,
				8544.16,
				8540.9,
				8541.9,
				8542.9,
				8543.9,
				8540.64,
				8537.39,
				8538.38,
				8539.39,
				8543.7,
				8540.44,
				8541.44,
				8542.44,
				8543.44,
				8544.44,
				8544.33,
				8546.84,
				8543.58,
				8544.58,
				8541.32,
				8542.32,
				8540.23,
				8541.23,
				8542.23,
				8543.23,
				8544.23,
				8536.72,
				8533.47,
				8534.47,
				8535.47,
				8536.47,
				8537.47,
				8534.23,
				8538.98,
				8539.98,
				8540.98,
				8541.64,
				8538.6,
				8539.6,
				8540.6,
				8537.35,
				8534.1,
				8530.85
			]
		},
		"Gender Ratio (fraction male)" : {
			"Units" : "",
			"Data" : [
				0.511,
				0.510755,
				0.510755,
				0.5105,
				0.510755,
				0.510255,
				0.510255,
				0.51,
				0.51,
				0.51,
				0.510245,
				0.510245,
				0.51049,
				0.510745,
				0.510745,
				0.510734,
				0.510479,
				0.510479,
				0.510479,
				0.510235,
				0.510235,
				0.510235,
				0.51049,
				0.51049,
				0.51049,
				0.51049,
				0.51049,
				0.50999,
				0.50999,
				0.50999,
				0.510235,
				0.510235,
				0.510235,
				0.510235,
				0.510235,
				0.510235,
				0.510235,
				0.51049,
				0.51049,
				0.51049,
				0.51049,
				0.51049,
				0.51049,
				0.510235,
				0.510235,
				0.510235,
				0.510235,
				0.510235,
				0.510235,
				0.510235,
				0.510235,
				0.510479,
				0.510479,
				0.510224,
				0.50998,
				0.50998,
				0.50998,
				0.50998,
				0.509726,
				0.509726,
				0.509726,
				0.509726,
				0.509472,
				0.509218,
				0.509218,
				0.509218,
				0.509472,
				0.509716,
				0.509716,
				0.509716,
				0.509716,
				0.509716,
				0.510214,
				0.50997,
				0.510214,
				0.510214,
				0.510458,
				0.510458,
				0.510214,
				0.510214,
				0.510214,
				0.510214,
				0.510214,
				0.510702,
				0.510448,
				0.510448,
				0.510448,
				0.510448,
				0.510448,
				0.510691,
				0.510204,
				0.510204,
				0.510204,
				0.50996,
				0.509716,
				0.509716,
				0.509716,
				0.509462,
				0.509706,
				0.509453
			]
		},
		"New Births" : {
			"Units" : "",
			"Data" : [
				0,
				0,
				1,
				0,
				1,
				0,
				1,
				0,
				0,
				1,
				0,
				1,
				0,
				0,
				2,
				1,
				0,
				0,
				0,
				0,
				0,
				0,
				0,
				0,
				0,
				0,
				1,
				0,
				0,
				1,
				0,
				0,
				1,
				0,
				0,
				1,
				0,
				0,
				0,
				0,
				0,
				0,
				1,
				0,
				0,
				0,
				0,
				0,
				0,
				0,
				1,
				0,
				1,
				0,
				0,
				0,
				0,
				1,
				0,
				0,
				0,
				1,
				1,
				0,
				0,
				0,
				1,
				0,
				0,
				0,
				0,
				1,
				0,
				1,
				0,
				1,
				0,
				0,
				0,
				0,
				0,
				0,
				2,
				1,
				0,
				0,
				0,
				0,
				1,
				0,
				0,
				0,
				0,
				0,
				0,
				0,
				1,
				1,
				1,
				0
			]
		},
		"New Natural Deaths" : {
			"Units" : "",
			"Data" : [
				1,
				0,
				0,
				1,
				1,
				0,
				0,
				0,
				0,
				0,
				0,
				0,
				1,
				0,
				0,
				0,
				0,
				0,
				1,
				0,
				0,
				1,
				0,
				0,
				0,
				0,
				1,
				0,
				0,
				0,
				0,
				0,
				1,
				0,
				0,
				1,
				1,
				0,
				0,
				0,
				0,
				0,
				0,
				0,
				0,
				0,
				0,
				0,
				0,
				0,
				0,
				0,
				0,
				1,
				0,
				0,
				0,
				0,
				0,
				0,
				0,
				0,
				0,
				0,
				0,
				1,
				0,
				0,
				0,
				0,
				0,
				1,
				1,
				0,
				0,
				0,
				0,
				1,
				0,
				0,
				0,
				0,
				0,
				0,
				0,
				0,
				0,
				0,
				0,
				2,
				0,
				0,
				1,
				1,
				0,
				0,
				0,
				0,
				0,
				0
			]
		},
		"Population Age 10-14" : {
			"Units" : "",
			"Data" : [
				243,
				243,
				243,
				242,
				242,
				242,
				242,
				242,
				243,
				243,
				242,
				243,
				243,
				243,
				243,
				243,
				243,
				243,
				243,
				243,
				244,
				244,
				244,
				244,
				244,
				244,
				244,
				243,
				243,
				242,
				241,
				241,
				241,
				241,
				241,
				241,
				241,
				240,
				241,
				241,
				240,
				240,
				240,
				240,
				240,
				240,
				240,
				240,
				240,
				240,
				240,
				239,
				239,
				239,
				238,
				238,
				238,
				238,
				238,
				238,
				238,
				238,
				239,
				239,
				239,
				240,
				240,
				239,
				240,
				240,
				240,
				241,
				241,
				240,
				239,
				239,
				239,
				239,
				239,
				239,
				239,
				239,
				239,
				239,
				239,
				239,
				239,
				239,
				239,
				239,
				239,
				240,
				240,
				240,
				240,
				240,
				240,
				240,
				240,
				240
			]
		},
		"Population Age 15-19" : {
			"Units" : "",
			"Data" : [
				217,
				217,
				217,
				218,
				218,
				218,
				217,
				217,
				217,
				217,
				218,
				218,
				218,
				218,
				218,
				217,
				217,
				217,
				217,
				217,
				217,
				216,
				216,
				216,
				216,
				216,
				215,
				216,
				214,
				215,
				216,
				216,
				216,
				216,
				216,
				216,
				216,
				217,
				217,
				217,
				218,
				218,
				218,
				218,
				218,
				218,
				218,
				218,
				218,
				218,
				218,
				219,
				219,
				219,
				219,
				219,
				218,
				218,
				218,
				218,
				218,
				218,
				218,
				218,
				218,
				218,
				218,
				217,
				217,
				217,
				216,
				216,
				216,
				216,
				217,
				217,
				216,
				216,
				216,
				216,
				216,
				216,
				216,
				216,
				216,
				216,
				216,
				216,
				216,
				216,
				215,
				215,
				215,
				215,
				215,
				215,
				214,
				213,
				213,
				213
			]
		},
		"Population Age 20-24" : {
			"Units" : "",
			"Data" : [
				167,
				167,
				167,
				167,
				167,
				167,
				168,
				168,
				168,
				168,
				167,
				167,
				167,
				166,
				166,
				167,
				167,
				167,
				167,
				167,
				167,
				168,
				168,
				168,
				168,
				168,
				169,
				169,
				171,
				171,
				171,
				171,
				171,
				171,
				171,
				171,
				171,
				171,
				171,
				171,
				171,
				171,
				170,
				169,
				169,
				169,
				169,
				169,
				169,
				169,
				169,
				169,
				169,
				169,
				168,
				168,
				169,
				169,
				169,
				169,
				168,
				168,
				168,
				168,
				168,
				168,
				168,
				170,
				170,
				170,
				171,
				171,
				171,
				171,
				171,
				171,
				172,
				172,
				172,
				172,
				172,
				172,
				172,
				172,
				172,
				172,
				172,
				172,
				172,
				172,
				172,
				172,
				172,
				172,
				172,
				172,
				173,
				174,
				174,
				174
			]
		},
		"Population Age 25-29" : {
			"Units" : "",
			"Data" : [
				138,
				138,
				138,
				138,
				138,
				138,
				138,
				138,
				138,
				138,
				139,
				139,
				139,
				140,
				140,
				140,
				140,
				140,
				140,
				140,
				140,
				139,
				139,
				139,
				139,
				139,
				139,
				138,
				138,
				138,
				137,
				137,
				137,
				137,
				137,
				137,
				136,
				136,
				136,
				136,
				136,
				136,
				137,
				138,
				138,
				138,
				138,
				138,
				138,
				138,
				138,
				138,
				138,
				138,
				139,
				139,
				139,
				139,
				138,
				138,
				139,
				139,
				139,
				139,
				139,
				139,
				139,
				139,
				139,
				139,
				139,
				139,
				139,
				139,
				139,
				139,
				139,
				139,
				139,
				139,
				139,
				139,
				139,
				139,
				139,
				139,
				139,
				139,
				139,
				139,
				139,
				139,
				139,
				138,
				138,
				138,
				138,
				138,
				138,
				138
			]
		},
		"Population Age 30-34" : {
			"Units" : "",
			"Data" : [
				121,
				120,
				119,
				119,
				119,
				119,
				119,
				119,
				119,
				118,
				118,
				118,
				118,
				118,
				118,
				118,
				118,
				118,
				118,
				118,
				118,
				119,
				119,
				119,
				119,
				118,
				118,
				118,
				118,
				118,
				119,
				119,
				119,
				119,
				119,
				119,
				119,
				119,
				119,
				119,
				119,
				119,
				119,
				119,
				119,
				119,
				119,
				119,
				119,
				119,
				119,
				119,
				118,
				118,
				118,
				118,
				118,
				118,
				119,
				119,
				119,
				119,
				119,
				119,
				119,
				119,
				119,
				119,
				119,
				119,
				119,
				119,
				119,
				119,
				118,
				118,
				118,
				118,
				118,
				118,
				118,
				118,
				117,
				117,
				117,
				117,
				117,
				116,
				116,
				116,
				116,
				115,
				115,
				115,
				115,
				115,
				114,
				114,
				114,
				114
			]
		},
		"Population Age 35-39" : {
			"Units" : "",
			"Data" : [
				90,
				90,
				91,
				91,
				91,
				91,
				91,
				91,
				91,
				92,
				92,
				92,
				92,
				92,
				92,
				92,
				92,
				92,
				92,
				92,
				92,
				92,
				92,
				92,
				92,
				93,
				93,
				93,
				93,
				93,
				93,
				93,
				93,
				93,
				93,
				93,
				93,
				93,
				93,
				93,
				93,
				93,
				93,
				93,
				93,
				93,
				93,
				93,
				93,
				93,
				93,
				93,
				94,
				94,
				94,
				94,
				94,
				93,
				93,
				93,
				93,
				93,
				93,
				93,
				93,
				92,
				91,
				91,
				91,
				91,
				91,
				91,
				91,
				91,
				92,
				92,
				92,
				92,
				92,
				92,
				92,
				92,
				93,
				93,
				93,
				93,
				93,
				94,
				94,
				94,
				94,
				95,
				95,
				95,
				95,
				95,
				96,
				96,
				96,
				96
			]
		},
		"Population Age 40-44" : {
			"Units" : "",
			"Data" : [
				78,
				78,
				78,
				78,
				78,
				78,
				78,
				78,
				78,
				78,
				78,
				78,
				78,
				78,
				78,
				78,
				78,
				78,
				78,
				78,
				77,
				77,
				77,
				77,
				77,
				77,
				77,
				77,
				77,
				77,
				77,
				77,
				77,
				76,
				76,
				76,
				76,
				76,
				76,
				76,
				76,
				76,
				76,
				76,
				76,
				76,
				76,
				76,
				76,
				76,
				76,
				76,
				76,
				76,
				76,
				76,
				76,
				77,
				77,
				77,
				77,
				77,
				77,
				77,
				77,
				78,
				79,
				79,
				79,
				79,
				79,
				79,
				79,
				79,
				79,
				79,
				79,
				79,
				78,
				78,
				78,
				78,
				78,
				78,
				78,
				78,
				78,
				78,
				78,
				78,
				78,
				78,
				78,
				78,
				78,
				78,
				78,
				78,
				78,
				78
			]
		},
		"Population Age 45-49" : {
			"Units" : "",
			"Data" : [
				58,
				58,
				58,
				58,
				57,
				57,
				57,
				57,
				57,
				57,
				57,
				57,
				57,
				57,
				57,
				57,
				57,
				57,
				57,
				57,
				58,
				58,
				57,
				57,
				57,
				57,
				57,
				57,
				57,
				56,
				56,
				56,
				56,
				56,
				56,
				56,
				56,
				56,
				56,
				56,
				56,
				56,
				56,
				56,
				56,
				56,
				56,
				56,
				56,
				56,
				56,
				56,
				56,
				56,
				56,
				56,
				56,
				56,
				56,
				56,
				56,
				56,
				56,
				56,
				56,
				56,
				56,
				56,
				55,
				55,
				55,
				55,
				55,
				55,
				55,
				55,
				54,
				54,
				54,
				54,
				54,
				54,
				54,
				54,
				54,
				54,
				54,
				54,
				54,
				54,
				54,
				54,
				54,
				54,
				53,
				53,
				53,
				53,
				53,
				53
			]
		},
		"Population Age 5-9" : {
			"Units" : "",
			"Data" : [
				290,
				290,
				290,
				290,
				290,
				290,
				290,
				290,
				289,
				289,
				289,
				288,
				288,
				287,
				287,
				287,
				287,
				287,
				287,
				288,
				287,
				287,
				288,
				288,
				288,
				288,
				288,
				288,
				289,
				289,
				289,
				289,
				289,
				289,
				289,
				289,
				290,
				291,
				290,
				290,
				290,
				290,
				292,
				292,
				292,
				292,
				292,
				292,
				292,
				293,
				293,
				293,
				293,
				293,
				293,
				293,
				293,
				293,
				293,
				293,
				293,
				293,
				292,
				292,
				292,
				292,
				291,
				291,
				290,
				290,
				290,
				289,
				288,
				288,
				288,
				288,
				289,
				290,
				290,
				290,
				290,
				290,
				290,
				290,
				290,
				290,
				290,
				290,
				290,
				290,
				289,
				288,
				289,
				289,
				289,
				289,
				289,
				289,
				289,
				289
			]
		},
		"Population Age 50-54" : {
			"Units" : "",
			"Data" : [
				30,
				30,
				30,
				30,
				30,
				30,
				30,
				30,
				30,
				30,
				30,
				30,
				30,
				30,
				30,
				30,
				30,
				30,
				30,
				30,
				30,
				30,
				31,
				31,
				31,
				31,
				31,
				31,
				31,
				32,
				32,
				32,
				32,
				32,
				32,
				32,
				32,
				32,
				32,
				32,
				32,
				32,
				32,
				32,
				32,
				32,
				32,
				32,
				32,
				32,
				32,
				32,
				32,
				32,
				32,
				32,
				32,
				32,
				32,
				32,
				32,
				32,
				32,
				32,
				32,
				32,
				32,
				32,
				33,
				33,
				33,
				33,
				33,
				33,
				33,
				33,
				34,
				34,
				34,
				34,
				34,
				34,
				34,
				34,
				34,
				34,
				34,
				34,
				34,
				34,
				34,
				34,
				34,
				34,
				34,
				34,
				34,
				34,
				34,
				34
			]
		},
		"Population Age 55-59" : {
			"Units" : "",
			"Data" : [
				38,
				38,
				38,
				38,
				38,
				38,
				38,
				38,
				38,
				38,
				37,
				37,
				37,
				37,
				37,
				37,
				37,
				37,
				37,
				36,
				36,
				36,
				36,
				36,
				36,
				36,
				36,
				36,
				36,
				36,
				36,
				36,
				36,
				36,
				36,
				36,
				36,
				36,
				36,
				36,
				36,
				36,
				36,
				36,
				36,
				36,
				36,
				36,
				36,
				36,
				36,
				36,
				36,
				36,
				36,
				36,
				36,
				36,
				36,
				36,
				36,
				36,
				36,
				36,
				36,
				36,
				36,
				36,
				36,
				36,
				36,
				35,
				35,
				35,
				35,
				35,
				35,
				35,
				35,
				35,
				35,
				35,
				35,
				35,
				35,
				35,
				35,
				35,
				35,
				35,
				35,
				35,
				35,
				35,
				35,
				35,
				35,
				35,
				35,
				35
			]
		},
		"Population Age 60-64" : {
			"Units" : "",
			"Data" : [
				26,
				26,
				26,
				26,
				26,
				26,
				26,
				26,
				26,
				26,
				27,
				27,
				27,
				27,
				27,
				27,
				27,
				27,
				27,
				27,
				27,
				27,
				27,
				27,
				27,
				27,
				27,
				27,
				27,
				27,
				27,
				27,
				27,
				27,
				27,
				27,
				26,
				26,
				26,
				26,
				26,
				26,
				26,
				26,
				26,
				26,
				26,
				26,
				26,
				26,
				26,
				26,
				26,
				26,
				26,
				26,
				26,
				26,
				26,
				26,
				26,
				26,
				26,
				26,
				26,
				26,
				26,
				26,
				26,
				26,
				26,
				27,
				27,
				27,
				27,
				27,
				27,
				27,
				27,
				27,
				27,
				27,
				27,
				27,
				27,
				27,
				27,
				27,
				27,
				27,
				27,
				27,
				27,
				27,
				27,
				27,
				27,
				27,
				27,
				27
			]
		},
		"Population Age 65-69" : {
			"Units" : "",
			"Data" : [
				29,
				29,
				29,
				29,
				29,
				29,
				29,
				29,
				29,
				29,
				29,
				29,
				29,
				29,
				29,
				29,
				29,
				29,
				29,
				29,
				29,
				29,
				29,
				29,
				29,
				29,
				29,
				29,
				29,
				29,
				29,
				29,
				29,
				29,
				29,
				29,
				30,
				29,
				29,
				29,
				29,
				29,
				29,
				29,
				29,
				29,
				29,
				29,
				29,
				29,
				29,
				29,
				29,
				29,
				29,
				29,
				29,
				29,
				29,
				29,
				29,
				29,
				29,
				29,
				29,
				29,
				29,
				29,
				29,
				29,
				29,
				29,
				29,
				29,
				29,
				29,
				29,
				29,
				29,
				29,
				29,
				29,
				29,
				29,
				29,
				29,
				29,
				29,
				29,
				29,
				29,
				29,
				29,
				29,
				29,
				29,
				29,
				29,
				29,
				29
			]
		},
		"Population Age 70-74" : {
			"Units" : "",
			"Data" : [
				17,
				17,
				17,
				17,
				17,
				17,
				17,
				17,
				17,
				17,
				17,
				17,
				17,
				17,
				17,
				17,
				17,
				17,
				17,
				17,
				17,
				17,
				17,
				17,
				17,
				17,
				17,
				17,
				17,
				17,
				17,
				17,
				17,
				17,
				17,
				17,
				17,
				17,
				17,
				17,
				17,
				17,
				17,
				17,
				17,
				17,
				17,
				17,
				17,
				17,
				17,
				17,
				17,
				17,
				17,
				17,
				17,
				17,
				17,
				17,
				17,
				17,
				17,
				17,
				17,
				17,
				17,
				17,
				17,
				17,
				17,
				17,
				17,
				17,
				17,
				17,
				17,
				17,
				17,
				17,
				17,
				17,
				17,
				17,
				17,
				17,
				17,
				17,
				17,
				17,
				17,
				17,
				17,
				17,
				17,
				17,
				17,
				17,
				17,
				17
			]
		},
		"Population Age 75-79" : {
			"Units" : "",
			"Data" : [
				19,
				19,
				19,
				19,
				19,
				19,
				19,
				19,
				19,
				19,
				19,
				19,
				19,
				19,
				19,
				19,
				19,
				19,
				19,
				19,
				19,
				19,
				19,
				19,
				19,
				19,
				19,
				19,
				19,
				19,
				19,
				19,
				19,
				19,
				19,
				19,
				19,
				19,
				19,
				19,
				19,
				19,
				19,
				19,
				19,
				19,
				19,
				19,
				19,
				19,
				19,
				19,
				19,
				19,
				19,
				19,
				19,
				19,
				19,
				19,
				19,
				19,
				19,
				19,
				19,
				19,
				19,
				19,
				19,
				19,
				19,
				19,
				19,
				19,
				19,
				19,
				19,
				19,
				19,
				19,
				19,
				19,
				19,
				19,
				19,
				19,
				19,
				19,
				19,
				19,
				19,
				19,
				19,
				19,
				19,
				19,
				19,
				19,
				19,
				19
			]
		},
		"Population Age 80-84" : {
			"Units" : "",
			"Data" : [
				8,
				8,
				8,
				8,
				8,
				8,
				8,
				8,
				8,
				8,
				8,
				8,
				8,
				8,
				8,
				8,
				8,
				8,
				8,
				8,
				8,
				8,
				8,
				8,
				8,
				8,
				8,
				8,
				8,
				8,
				8,
				8,
				8,
				8,
				8,
				8,
				8,
				8,
				8,
				8,
				8,
				8,
				8,
				8,
				8,
				8,
				8,
				8,
				8,
				8,
				8,
				8,
				8,
				8,
				8,
				8,
				8,
				8,
				8,
				8,
				8,
				8,
				8,
				8,
				8,
				8,
				8,
				8,
				8,
				8,
				8,
				8,
				8,
				8,
				8,
				8,
				8,
				8,
				8,
				8,
				8,
				8,
				8,
				8,
				8,
				8,
				8,
				8,
				8,
				8,
				8,
				8,
				8,
				8,
				8,
				8,
				8,
				8,
				8,
				8
			]
		},
		"Population Age 85-89" : {
			"Units" : "",
			"Data" : [
				13,
				13,
				13,
				13,
				13,
				13,
				13,
				13,
				13,
				13,
				13,
				13,
				13,
				13,
				13,
				13,
				13,
				13,
				13,
				13,
				13,
				13,
				13,
				13,
				13,
				13,
				13,
				13,
				13,
				13,
				13,
				13,
				13,
				13,
				13,
				13,
				13,
				13,
				13,
				13,
				13,
				13,
				13,
				13,
				13,
				13,
				13,
				13,
				13,
				13,
				13,
				13,
				13,
				13,
				13,
				13,
				13,
				13,
				13,
				13,
				13,
				13,
				13,
				13,
				13,
				13,
				13,
				13,
				13,
				13,
				13,
				13,
				13,
				13,
				13,
				13,
				13,
				13,
				13,
				13,
				13,
				13,
				13,
				13,
				13,
				13,
				13,
				12,
				12,
				12,
				12,
				12,
				12,
				12,
				12,
				12,
				12,
				12,
				12,
				12
			]
		},
		"Population Age 90-94" : {
			"Units" : "",
			"Data" : [
				8,
				8,
				8,
				8,
				8,
				8,
				8,
				8,
				8,
				8,
				8,
				8,
				8,
				8,
				8,
				8,
				8,
				8,
				8,
				8,
				8,
				8,
				8,
				8,
				8,
				8,
				8,
				8,
				8,
				8,
				8,
				8,
				8,
				8,
				8,
				8,
				8,
				8,
				8,
				8,
				8,
				8,
				8,
				8,
				8,
				8,
				8,
				8,
				8,
				8,
				8,
				8,
				8,
				8,
				8,
				8,
				8,
				8,
				8,
				8,
				8,
				8,
				8,
				8,
				8,
				8,
				8,
				8,
				8,
				8,
				8,
				8,
				8,
				8,
				8,
				8,
				8,
				8,
				8,
				8,
				8,
				8,
				8,
				8,
				8,
				8,
				8,
				9,
				9,
				9,
				9,
				9,
				9,
				9,
				9,
				9,
				9,
				9,
				9,
				9
			]
		},
		"Population Age 95-99" : {
			"Units" : "",
			"Data" : [
				7,
				7,
				7,
				7,
				7,
				7,
				7,
				7,
				7,
				7,
				7,
				7,
				7,
				7,
				7,
				7,
				7,
				7,
				7,
				7,
				7,
				7,
				7,
				7,
				7,
				7,
				7,
				7,
				7,
				7,
				7,
				7,
				7,
				7,
				7,
				7,
				7,
				7,
				7,
				7,
				7,
				7,
				7,
				7,
				7,
				7,
				7,
				7,
				7,
				7,
				7,
				7,
				7,
				7,
				7,
				7,
				7,
				7,
				7,
				7,
				7,
				7,
				7,
				7,
				7,
				7,
				7,
				7,
				7,
				7,
				7,
				7,
				7,
				7,
				7,
				7,
				7,
				7,
				7,
				7,
				7,
				7,
				7,
				7,
				7,
				7,
				7,
				7,
				7,
				7,
				7,
				7,
				7,
				7,
				7,
				7,
				7,
				7,
				7,
				7
			]
		},
		"Population Age <5" : {
			"Units" : "",
			"Data" : [
				378,
				378,
				378,
				379,
				379,
				379,
				379,
				380,
				380,
				380,
				381,
				381,
				382,
				382,
				382,
				384,
				385,
				385,
				385,
				384,
				384,
				384,
				382,
				382,
				382,
				382,
				382,
				383,
				382,
				382,
				383,
				383,
				383,
				384,
				384,
				384,
				384,
				383,
				383,
				383,
				383,
				383,
				381,
				382,
				382,
				382,
				382,
				382,
				382,
				381,
				381,
				382,
				382,
				383,
				383,
				383,
				383,
				383,
				384,
				384,
				384,
				384,
				385,
				386,
				386,
				385,
				385,
				386,
				386,
				386,
				386,
				386,
				387,
				387,
				388,
				388,
				388,
				387,
				387,
				387,
				387,
				387,
				387,
				389,
				390,
				390,
				390,
				390,
				390,
				391,
				391,
				391,
				390,
				390,
				390,
				390,
				390,
				391,
				392,
				393
			]
		},
		"Population Age >100" : {
			"Units" : "",
			"Data" : [
				25,
				25,
				25,
				25,
				25,
				25,
				25,
				25,
				25,
				25,
				25,
				25,
				25,
				25,
				25,
				25,
				25,
				25,
				25,
				25,
				25,
				25,
				25,
				25,
				25,
				25,
				25,
				25,
				25,
				25,
				25,
				25,
				25,
				25,
				25,
				25,
				25,
				25,
				25,
				25,
				25,
				25,
				25,
				25,
				25,
				25,
				25,
				25,
				25,
				25,
				25,
				25,
				25,
				25,
				25,
				25,
				25,
				25,
				25,
				25,
				25,
				25,
				25,
				25,
				25,
				25,
				25,
				25,
				25,
				25,
				25,
				25,
				25,
				25,
				25,
				25,
				25,
				25,
				25,
				25,
				25,
				25,
				25,
				25,
				25,
				25,
				25,
				25,
				25,
				25,
				25,
				25,
				25,
				25,
				25,
				25,
				25,
				25,
				25,
				25
			]
		},
		"Possible Mothers" : {
			"Units" : "",
			"Data" : [
				400,
				400,
				400,
				400,
				400,
				400,
				400,
				400,
				400,
				400,
				400,
				400,
				400,
				401,
				401,
				401,
				401,
				401,
				401,
				401,
				401,
				400,
				400,
				400,
				400,
				401,
				401,
				401,
				401,
				401,
				401,
				401,
				401,
				401,
				401,
				401,
				401,
				401,
				401,
				401,
				401,
				401,
				401,
				401,
				401,
				401,
				401,
				401,
				401,
				401,
				401,
				401,
				401,
				401,
				401,
				401,
				401,
				401,
				401,
				401,
				401,
				401,
				401,
				401,
				401,
				401,
				401,
				401,
				401,
				401,
				401,
				401,
				401,
				401,
				401,
				401,
				401,
				401,
				401,
				401,
				401,
				401,
				401,
				401,
				401,
				401,
				401,
				401,
				401,
				401,
				401,
				401,
				401,
				401,
				401,
				401,
				401,
				401,
				401,
				401
			]
		},
		"Pseudo-Population" : {
			"Units" : "",
			"Data" : [
				2000,
				1999,
				1999,
				2000,
				1999,
				1999,
				1999,
				2000,
				2000,
				2000,
				2001,
				2001,
				2002,
				2001,
				2001,
				2003,
				2004,
				2004,
				2004,
				2003,
				2003,
				2003,
				2002,
				2002,
				2002,
				2002,
				2002,
				2002,
				2002,
				2002,
				2003,
				2003,
				2003,
				2003,
				2003,
				2003,
				2003,
				2002,
				2002,
				2002,
				2002,
				2002,
				2002,
				2003,
				2003,
				2003,
				2003,
				2003,
				2003,
				2003,
				2003,
				2004,
				2004,
				2005,
				2004,
				2004,
				2004,
				2004,
				2005,
				2005,
				2005,
				2005,
				2006,
				2007,
				2007,
				2007,
				2006,
				2007,
				2007,
				2007,
				2007,
				2007,
				2007,
				2006,
				2007,
				2007,
				2008,
				2008,
				2007,
				2007,
				2007,
				2007,
				2007,
				2009,
				2010,
				2010,
				2010,
				2010,
				2010,
				2011,
				2009,
				2009,
				2009,
				2008,
				2007,
				2007,
				2007,
				2008,
				2009,
				2010
			]
		},
		"Statistical Population" : {
			"Units" : "",
			"Data" : [
				2000,
				1999,
				1999,
				2000,
				1999,
				1999,
				1999,
				2000,
				2000,
				2000,
				2001,
				2001,
				2002,
				2001,
				2001,
				2003,
				2004,
				2004,
				2004,
				2003,
				2003,
				2003,
				2002,
				2002,
				2002,
				2002,
				2002,
				2002,
				2002,
				2002,
				2003,
				2003,
				2003,
				2003,
				2003,
				2003,
				2003,
				2002,
				2002,
				2002,
				2002,
				2002,
				2002,
				2003,
				2003,
				2003,
				2003,
				2003,
				2003,
				2003,
				2003,
				2004,
				2004,
				2005,
				2004,
				2004,
				2004,
				2004,
				2005,
				2005,
				2005,
				2005,
				2006,
				2007,
				2007,
				2007,
				2006,
				2007,
				2007,
				2007,
				2007,
				2007,
				2007,
				2006,
				2007,
				2007,
				2008,
				2008,
				2007,
				2007,
				2007,
				2007,
				2007,
				2009,
				2010,
				2010,
				2010,
				2010,
				2010,
				2011,
				2009,
				2009,
				2009,
				2008,
				2007,
				2007,
				2007,
				2008,
				2009,
				2010
			]
		}
	}
}