{
	"Header" : {
		"DateTime" : "Wed Jul 08 10:48:17 2015",
		"DTK_Version" : "3807 v1.6Release 2014/04/16 16:05:41",
		"Report_Version" : "3",
		"Timesteps" : 100,
		"Channels" : 26
	},
	"Channels" : {
		"Adult Vectors" : {
			"Units" : "Vectors",
			"Data" : [
				7655,
				6442,
				5384,
				4407,
				3738.5,
				3097,
				2553.5,
				2138.5,
				1767.5,
				1468.5,
				1230,
				1009.5,
				842,
				709.5,
				589,
				484.5,
				410,
				339,
				281,
				241.5,
				200.5,
				167,
				132,
				2489.5,
				3128.5,
				4357.5,
				4990,
				6676.5,
				9560,
				8607.5,
				10053.5,
				9520,
				9093.5,
				9123.5,
				8254,
				7258,
				6586,
				6479,
				5583.5,
				4935,
				4560,
				4038.5,
				3550,
				3059.5,
				2666.5,
				2356.5,
				2022.5,
				3256.5,
				2690,
				6625,
				9276,
				11658,
				15467.5,
				17617.5,
				18994.5,
				22320,
				24906.5,
				28503.5,
				28161,
				27570.5,
				26954,
				24053.5,
				20813.5,
				18300.5,
				15781,
				13954,
				12214.5,
				10520.5,
				9152.5,
				7607,
				6797,
				5710,
				4912.5,
				4383.5,
				3785.5,
				3294.5,
				3026,
				3247,
				4068.5,
				3937.5,
				5504,
				5008.5,
				5474.5,
				11380.5,
				16591,
				13765,
				21809.5,
				25992.5,
				25839,
				29191,
				30779,
				33204.5,
				31212.5,
				30503,
				27828.5,
				27590,
				25032,
				22923,
				21410.5,
				19628
			]
		},
		"Air Temperature" : {
			"Units" : "",
			"Data" : [
				27.3889,
				27.3953,
				27.2222,
				27.25,
				28.3889,
				26.8889,
				28.3413,
				28.4167,
				26.5278,
				27.8611,
				28.9444,
				27.744,
				27.3889,
				27.4316,
				26.6111,
				27.25,
				26.8056,
				27.0278,
				27.8056,
				27.1111,
				28.1389,
				27.1111,
				27.1389,
				26.6944,
				26.6389,
				26.1667,
				26.5,
				25.75,
				26.2222,
				26,
				26.5556,
				26.5556,
				25.7222,
				26.4444,
				26.9444,
				26.4444,
				27.5556,
				27.4167,
				27.0278,
				26.9209,
				27.25,
				27.3889,
				27.5,
				28.0556,
				27.6667,
				27.3333,
				26.5556,
				27.0278,
				26.25,
				27.2222,
				26.2778,
				26.6667,
				27.3889,
				27.4722,
				26.6944,
				27.6389,
				26.6667,
				25.5278,
				26.2778,
				26.4722,
				25.5833,
				27.1389,
				27.5833,
				27.9722,
				26.8056,
				26.25,
				26.8333,
				26,
				26.9167,
				26.4167,
				26.5833,
				26.6944,
				26.4167,
				25.4444,
				26.25,
				27.1111,
				26.1389,
				27,
				26.9722,
				25.3333,
				26.5,
				26.9722,
				27.2222,
				25.6667,
				27.7778,
				26.5278,
				28.5278,
				26.8333,
				27.0556,
				28,
				26.1944,
				27.1111,
				26.7778,
				27.1111,
				26.9167,
				27.1667,
				27.0833,
				27.25,
				26.8056,
				27.0278
			]
		},
		"Births" : {
			"Units" : "Births",
			"Data" : [
				0,
				0,
				1,
				1,
				2,
				2,
				3,
				3,
				3,
				4,
				4,
				5,
				5,
				5,
				7,
				8,
				8,
				8,
				8,
				8,
				8,
				8,
				8,
				8,
				8,
				8,
				9,
				9,
				9,
				10,
				10,
				10,
				11,
				11,
				11,
				12,
				12,
				12,
				12,
				12,
				12,
				12,
				13,
				13,
				13,
				13,
				13,
				13,
				13,
				13,
				14,
				14,
				15,
				15,
				15,
				15,
				15,
				16,
				16,
				16,
				16,
				17,
				18,
				18,
				18,
				18,
				19,
				19,
				19,
				19,
				19,
				20,
				20,
				21,
				21,
				22,
				22,
				22,
				22,
				22,
				22,
				22,
				24,
				25,
				25,
				25,
				25,
				25,
				26,
				26,
				26,
				26,
				26,
				26,
				26,
				26,
				27,
				28,
				29,
				29
			]
		},
		"Campaign Cost" : {
			"Units" : "USD",
			"Data" : [
				0,
				0,
				0,
				0,
				0,
				0,
				0,
				0,
				0,
				0,
				0,
				0,
				0,
				0,
				0,
				0,
				0,
				0,
				0,
				0,
				0,
				0,
				0,
				0,
				0,
				0,
				0,
				0,
				0,
				0,
				0,
				0,
				0,
				0,
				0,
				0,
				0,
				0,
				0,
				0,
				0,
				0,
				0,
				0,
				0,
				0,
				0,
				0,
				0,
				0,
				0,
				0,
				0,
				0,
				0,
				0,
				0,
				0,
				0,
				0,
				0,
				0,
				0,
				0,
				0,
				0,
				0,
				0,
				0,
				0,
				0,
				0,
				0,
				0,
				0,
				0,
				0,
				0,
				0,
				0,
				0,
				0,
				0,
				0,
				0,
				0,
				0,
				0,
				0,
				0,
				0,
				0,
				0,
				0,
				0,
				0,
				0,
				0,
				0,
				0
			]
		},
		"Cumulative Infections" : {
			"Units" : "",
			"Data" : [
				226,
				226,
				226,
				226,
				226,
				226,
				226,
				226,
				226,
				226,
				226,
				226,
				226,
				226,
				226,
				226,
				226,
				226,
				226,
				226,
				226,
				226,
				226,
				226,
				226,
				226,
				226,
				226,
				226,
				226,
				226,
				226,
				226,
				226,
				226,
				226,
				226,
				226,
				226,
				226,
				226,
				226,
				226,
				226,
				226,
				226,
				226,
				226,
				226,
				226,
				226,
				226,
				227,
				230,
				232,
				234,
				237,
				238,
				241,
				243,
				254,
				261,
				262,
				266,
				272,
				280,
				291,
				303,
				310,
				326,
				338,
				348,
				364,
				374,
				391,
				400,
				410,
				420,
				435,
				447,
				454,
				463,
				472,
				480,
				488,
				494,
				501,
				508,
				511,
				515,
				518,
				521,
				522,
				523,
				526,
				528,
				532,
				535,
				543,
				552
			]
		},
		"Cumulative Reported Infections" : {
			"Units" : "",
			"Data" : [
				120,
				120,
				120,
				120,
				120,
				120,
				120,
				120,
				120,
				120,
				120,
				120,
				120,
				120,
				120,
				120,
				120,
				120,
				120,
				120,
				120,
				120,
				120,
				120,
				120,
				120,
				120,
				120,
				120,
				120,
				120,
				120,
				120,
				120,
				120,
				120,
				120,
				120,
				120,
				120,
				120,
				120,
				120,
				120,
				120,
				120,
				120,
				120,
				120,
				120,
				120,
				120,
				121,
				123,
				124,
				125,
				126,
				126,
				128,
				129,
				137,
				139,
				139,
				143,
				144,
				147,
				153,
				156,
				160,
				170,
				177,
				181,
				188,
				192,
				199,
				205,
				210,
				214,
				219,
				225,
				228,
				231,
				237,
				240,
				247,
				250,
				253,
				257,
				258,
				259,
				261,
				262,
				262,
				262,
				262,
				264,
				266,
				267,
				273,
				280
			]
		},
		"Daily Bites per Human" : {
			"Units" : "Bites/Day",
			"Data" : [
				8.026,
				0,
				1.29544,
				3.2975,
				0.224785,
				1.0958,
				1.50096,
				0.202364,
				0.89721,
				0.58992,
				0.159293,
				0.574844,
				0.282191,
				0.167406,
				0.286914,
				0.155239,
				0.097259,
				0.165714,
				0.0828175,
				0.0633953,
				0.10143,
				0.0443875,
				0.0524747,
				0.0429712,
				1.93889,
				0.921376,
				1.7264,
				2.05158,
				2.93226,
				3.93341,
				1.93326,
				4.00775,
				3.25562,
				2.35085,
				3.295,
				2.53197,
				1.8468,
				2.24468,
				2.48557,
				1.374,
				1.52961,
				1.70171,
				1.08544,
				1.16795,
				0.94886,
				0.867598,
				0.754264,
				0.570445,
				1.70285,
				0.482186,
				3.94767,
				4.10206,
				3.72223,
				7.17178,
				6.51347,
				6.41281,
				9.44277,
				9.52207,
				9.87876,
				8.48562,
				9.16451,
				9.26656,
				5.81193,
				6.86069,
				6.06584,
				4.56505,
				4.11769,
				3.71548,
				3.12803,
				2.47509,
				2.32253,
				2.10852,
				1.5762,
				1.44952,
				1.43664,
				0.930797,
				1.02986,
				1.07298,
				1.08449,
				1.8154,
				1.08867,
				2.37129,
				1.45333,
				1.78002,
				6.97447,
				6.64397,
				2.57731,
				11.7319,
				10.3497,
				5.81437,
				13.2715,
				11.4499,
				9.25528,
				11.4417,
				10.0625,
				8.04429,
				10.0921,
				7.73932,
				6.81376,
				7.55709
			]
		},
		"Daily EIR" : {
			"Units" : "Infectious Bites/Day",
			"Data" : [
				0,
				0,
				0,
				0,
				0,
				0,
				0,
				0,
				0,
				0,
				0,
				0,
				0,
				0,
				0,
				0,
				0,
				0,
				0,
				0,
				0,
				0,
				0,
				0,
				0,
				0,
				0,
				0,
				0,
				0,
				0,
				0,
				0,
				0,
				0,
				0,
				0,
				0,
				0,
				0,
				0,
				0,
				0,
				0,
				0,
				0,
				0.000502008,
				0,
				0,
				0.00100402,
				0.000502008,
				0.0019901,
				0.0030001,
				0.00249658,
				0.0024876,
				0.00249756,
				0.00099802,
				0.00349454,
				0.00149454,
				0.00249902,
				0.00499456,
				0.00450102,
				0.00649855,
				0.00699807,
				0.00900454,
				0.0144698,
				0.0119921,
				0.0104845,
				0.0194507,
				0.0144607,
				0.0194582,
				0.0164339,
				0.0169548,
				0.0199804,
				0.0174058,
				0.0119629,
				0.0189397,
				0.0139396,
				0.0104719,
				0.0139571,
				0.00946442,
				0.00748069,
				0.0114713,
				0.00595986,
				0.00747525,
				0.0089604,
				0.00745545,
				0.00397525,
				0.00597525,
				0.00496385,
				0.00298665,
				0.00695795,
				0.00247525,
				0.00448962,
				0.00547825,
				0.00448171,
				0.0049916,
				0.00696825,
				0.00747169,
				0.00896329
			]
		},
		"Disease Deaths" : {
			"Units" : "",
			"Data" : [
				0,
				0,
				0,
				0,
				0,
				0,
				0,
				0,
				0,
				0,
				0,
				0,
				0,
				0,
				0,
				0,
				0,
				0,
				0,
				0,
				0,
				0,
				0,
				0,
				0,
				0,
				0,
				0,
				0,
				0,
				0,
				0,
				0,
				0,
				0,
				0,
				0,
				0,
				0,
				0,
				0,
				0,
				0,
				0,
				0,
				0,
				0,
				0,
				0,
				0,
				0,
				0,
				0,
				0,
				0,
				0,
				0,
				0,
				0,
				0,
				0,
				0,
				0,
				0,
				0,
				0,
				0,
				0,
				0,
				0,
				0,
				0,
				0,
				0,
				0,
				0,
				0,
				0,
				0,
				0,
				0,
				0,
				0,
				0,
				0,
				0,
				0,
				0,
				0,
				0,
				0,
				0,
				0,
				0,
				0,
				0,
				0,
				0,
				0,
				0
			]
		},
		"Fever Prevalence" : {
			"Units" : "Infected %",
			"Data" : [
				0,
				0,
				0,
				0,
				0,
				0,
				0,
				0,
				0,
				0,
				0,
				0,
				0,
				0,
				0,
				0,
				0,
				0,
				0,
				0,
				0,
				0,
				0,
				0,
				0.010989,
				0.0554446,
				0.111888,
				0.111888,
				0.111888,
				0.0764236,
				0.111832,
				0,
				0.111832,
				0,
				0.111333,
				0,
				0.111333,
				0.0044955,
				0.110889,
				0.0619381,
				0.110889,
				0.110889,
				0.110889,
				0.110834,
				0.110834,
				0.102846,
				0.110834,
				0.0239641,
				0.110834,
				0.00249626,
				0.104843,
				0.00199601,
				0.0933134,
				0.00448878,
				0.0713573,
				0.0184631,
				0.0394212,
				0.0469062,
				0.0638404,
				0.0713217,
				0.0897756,
				0.0927681,
				0.10668,
				0.0822123,
				0.100149,
				0.0443448,
				0.0687936,
				0.017439,
				0.0338814,
				0.00697559,
				0.0144494,
				0.000498256,
				0.00249128,
				0.00149551,
				0.00249128,
				0.00548082,
				0.00498008,
				0.00697211,
				0.00548082,
				0.0114599,
				0.0079721,
				0.0169407,
				0.0114599,
				0.0189149,
				0.00945274,
				0.018408,
				0.0124378,
				0.0174129,
				0.0149254,
				0.0174043,
				0.0159283,
				0.0174216,
				0.024888,
				0.0263944,
				0.0323866,
				0.0338814,
				0.0433483,
				0.0413347,
				0.0537581,
				0.0507463
			]
		},
		"Human Infectious Reservoir" : {
			"Units" : "Total Infectivity",
			"Data" : [
				0,
				0,
				0,
				0,
				0,
				0,
				0,
				0,
				0,
				0,
				0,
				0,
				0,
				0,
				0,
				0,
				0,
				0,
				0,
				0,
				0,
				0,
				0,
				0,
				0,
				0,
				0,
				0,
				0,
				0,
				5.49239e-006,
				2.48662e-005,
				8.91968e-005,
				0.000400166,
				0.00140581,
				0.00589502,
				0.0186568,
				0.0502729,
				0.0799112,
				0.0994042,
				0.109164,
				0.1082,
				0.110055,
				0.1105,
				0.110381,
				0.110842,
				0.110271,
				0.110864,
				0.109074,
				0.110862,
				0.106461,
				0.110766,
				0.106918,
				0.110465,
				0.109976,
				0.109784,
				0.109133,
				0.108365,
				0.106481,
				0.10654,
				0.102112,
				0.100852,
				0.0919474,
				0.0938866,
				0.0844042,
				0.0916464,
				0.0804689,
				0.0899999,
				0.0826499,
				0.0912452,
				0.0878542,
				0.0937496,
				0.0952551,
				0.0986617,
				0.101436,
				0.101544,
				0.102275,
				0.0960143,
				0.0952142,
				0.0822807,
				0.0806962,
				0.0651812,
				0.0658253,
				0.0526428,
				0.05509,
				0.0435483,
				0.0458846,
				0.0366303,
				0.0423687,
				0.0348229,
				0.0430527,
				0.0353313,
				0.0460079,
				0.0384825,
				0.04989,
				0.0425564,
				0.0524701,
				0.0459163,
				0.0538306,
				0.0481725
			]
		},
		"Infected" : {
			"Units" : "Infected fraction",
			"Data" : [
				0.113,
				0.113057,
				0.113057,
				0.113,
				0.113057,
				0.113057,
				0.113057,
				0.113,
				0.113,
				0.113,
				0.112944,
				0.112944,
				0.112887,
				0.112444,
				0.112444,
				0.112332,
				0.112275,
				0.112275,
				0.112275,
				0.112332,
				0.112332,
				0.112332,
				0.111888,
				0.111888,
				0.111888,
				0.111888,
				0.111888,
				0.111888,
				0.111888,
				0.111888,
				0.111832,
				0.111832,
				0.111832,
				0.111333,
				0.111333,
				0.111333,
				0.111333,
				0.110889,
				0.110889,
				0.110889,
				0.110889,
				0.110889,
				0.110889,
				0.110834,
				0.110834,
				0.110834,
				0.110834,
				0.110834,
				0.110834,
				0.110834,
				0.110834,
				0.110778,
				0.110778,
				0.111222,
				0.112774,
				0.113772,
				0.11477,
				0.116267,
				0.116209,
				0.117706,
				0.121696,
				0.122693,
				0.126122,
				0.126557,
				0.12855,
				0.129547,
				0.133599,
				0.139013,
				0.143498,
				0.146986,
				0.154958,
				0.15994,
				0.164425,
				0.171984,
				0.174888,
				0.179372,
				0.183765,
				0.188247,
				0.19133,
				0.197309,
				0.202292,
				0.203787,
				0.206776,
				0.208561,
				0.21194,
				0.215423,
				0.217413,
				0.219901,
				0.222388,
				0.222775,
				0.224988,
				0.226481,
				0.227476,
				0.228088,
				0.2287,
				0.230194,
				0.230693,
				0.232072,
				0.233449,
				0.236816
			]
		},
		"Infectious Vectors" : {
			"Units" : "Infectious %",
			"Data" : [
				0,
				0,
				0,
				0,
				0,
				0,
				0,
				0,
				0,
				0,
				0,
				0,
				0,
				0,
				0,
				0,
				0,
				0,
				0,
				0,
				0,
				0,
				0,
				0,
				0,
				0,
				0,
				0,
				0,
				0,
				0,
				0,
				0,
				0,
				0,
				0,
				0,
				0,
				0,
				0,
				0,
				0,
				0,
				0,
				0,
				0.000212179,
				0.000494438,
				0.000614156,
				0.00111524,
				0.000603774,
				0.000646831,
				0.000600446,
				0.000549539,
				0.000510856,
				0.000421175,
				0.000291219,
				0.000301126,
				0.000228042,
				0.000355101,
				0.000417112,
				0.000723455,
				0.000976989,
				0.00103298,
				0.0013934,
				0.00256638,
				0.00304572,
				0.00356134,
				0.00456252,
				0.00590003,
				0.00670435,
				0.00831249,
				0.00998249,
				0.0115013,
				0.0127752,
				0.0155858,
				0.0166945,
				0.0152016,
				0.013551,
				0.0102003,
				0.00876191,
				0.00545058,
				0.00588999,
				0.00511462,
				0.00232854,
				0.00144657,
				0.00159826,
				0.000848254,
				0.000615562,
				0.000619219,
				0.000513857,
				0.000487345,
				0.000376455,
				0.000432519,
				0.000475363,
				0.000503081,
				0.00057992,
				0.000679131,
				0.00115604,
				0.00137783,
				0.00112085
			]
		},
		"Land Temperature" : {
			"Units" : "",
			"Data" : [
				27.3889,
				27.3953,
				27.2222,
				27.25,
				28.3889,
				26.8889,
				28.3413,
				28.4167,
				26.5278,
				27.8611,
				28.9444,
				27.744,
				27.3889,
				27.4316,
				26.6111,
				27.25,
				26.8056,
				27.0278,
				27.8056,
				27.1111,
				28.1389,
				27.1111,
				27.1389,
				26.6944,
				26.6389,
				26.1667,
				26.5,
				25.75,
				26.2222,
				26,
				26.5556,
				26.5556,
				25.7222,
				26.4444,
				26.9444,
				26.4444,
				27.5556,
				27.4167,
				27.0278,
				26.9209,
				27.25,
				27.3889,
				27.5,
				28.0556,
				27.6667,
				27.3333,
				26.5556,
				27.0278,
				26.25,
				27.2222,
				26.2778,
				26.6667,
				27.3889,
				27.4722,
				26.6944,
				27.6389,
				26.6667,
				25.5278,
				26.2778,
				26.4722,
				25.5833,
				27.1389,
				27.5833,
				27.9722,
				26.8056,
				26.25,
				26.8333,
				26,
				26.9167,
				26.4167,
				26.5833,
				26.6944,
				26.4167,
				25.4444,
				26.25,
				27.1111,
				26.1389,
				27,
				26.9722,
				25.3333,
				26.5,
				26.9722,
				27.2222,
				25.6667,
				27.7778,
				26.5278,
				28.5278,
				26.8333,
				27.0556,
				28,
				26.1944,
				27.1111,
				26.7778,
				27.1111,
				26.9167,
				27.1667,
				27.0833,
				27.25,
				26.8056,
				27.0278
			]
		},
		"Log Prevalence" : {
			"Units" : "Log Prevalence",
			"Data" : [
				-0.946922,
				-0.946704,
				-0.946704,
				-0.946922,
				-0.946704,
				-0.946704,
				-0.946704,
				-0.946922,
				-0.946922,
				-0.946922,
				-0.947139,
				-0.947139,
				-0.947356,
				-0.949065,
				-0.949065,
				-0.949498,
				-0.949715,
				-0.949715,
				-0.949715,
				-0.949498,
				-0.949498,
				-0.949498,
				-0.951216,
				-0.951216,
				-0.951216,
				-0.951216,
				-0.951216,
				-0.951216,
				-0.951216,
				-0.951216,
				-0.951433,
				-0.951433,
				-0.951433,
				-0.953376,
				-0.953376,
				-0.953376,
				-0.953376,
				-0.955111,
				-0.955111,
				-0.955111,
				-0.955111,
				-0.955111,
				-0.955111,
				-0.955328,
				-0.955328,
				-0.955328,
				-0.955328,
				-0.955328,
				-0.955328,
				-0.955328,
				-0.955328,
				-0.955545,
				-0.955545,
				-0.953809,
				-0.947789,
				-0.943963,
				-0.94017,
				-0.934542,
				-0.934758,
				-0.929202,
				-0.914725,
				-0.911179,
				-0.89921,
				-0.897714,
				-0.890928,
				-0.887574,
				-0.874196,
				-0.856943,
				-0.843155,
				-0.832725,
				-0.809787,
				-0.796042,
				-0.784033,
				-0.764512,
				-0.75724,
				-0.746245,
				-0.735737,
				-0.725272,
				-0.718216,
				-0.704852,
				-0.694021,
				-0.690824,
				-0.684499,
				-0.680766,
				-0.673786,
				-0.666708,
				-0.662715,
				-0.657774,
				-0.652889,
				-0.652134,
				-0.647842,
				-0.644969,
				-0.643064,
				-0.641898,
				-0.640735,
				-0.637905,
				-0.636966,
				-0.634378,
				-0.631807,
				-0.625589
			]
		},
		"Mean Parasitemia" : {
			"Units" : "Geo. mean parasites/microliter",
			"Data" : [
				1,
				1,
				1,
				1,
				1,
				1,
				1,
				1,
				1,
				1,
				1,
				1,
				1,
				1,
				1,
				1,
				1,
				1,
				10,
				12.5992,
				11.0409,
				11.6359,
				33.9236,
				37.682,
				565.572,
				560.926,
				8638.69,
				6911.73,
				60995.9,
				28595.8,
				186598,
				58144,
				242249,
				55496.8,
				185651,
				34491.1,
				94769.7,
				15230.2,
				38104.8,
				6011.21,
				17932.2,
				4483.82,
				24416.6,
				9094.75,
				51548.8,
				15234.6,
				64812.2,
				15145.8,
				51048.1,
				9808.61,
				27514,
				4623.51,
				11572.9,
				1819.88,
				4571.94,
				785.075,
				2466.92,
				563.669,
				2768.74,
				985.953,
				5293.48,
				1899.4,
				8308.4,
				2384.38,
				8266.35,
				2016.38,
				5930.98,
				1259.84,
				3317.7,
				671.115,
				1650.98,
				312.233,
				735.028,
				144.143,
				344.929,
				87.037,
				216.978,
				90.8454,
				242.739,
				122.826,
				390.726,
				197.646,
				524.868,
				259.864,
				686.516,
				290.243,
				719.566,
				295.822,
				606.566,
				270.497,
				515.722,
				247.619,
				467.695,
				249.262,
				494.009,
				379.474,
				561.053,
				619.638,
				869.956,
				975.711
			]
		},
		"New Clinical Cases" : {
			"Units" : "",
			"Data" : [
				0,
				0,
				0,
				0,
				0,
				0,
				0,
				0,
				0,
				0,
				0,
				0,
				0,
				0,
				0,
				0,
				0,
				0,
				0,
				0,
				0,
				0,
				0,
				22,
				89,
				113,
				0,
				0,
				0,
				0,
				0,
				0,
				0,
				0,
				0,
				0,
				0,
				0,
				0,
				0,
				0,
				0,
				0,
				0,
				0,
				0,
				0,
				0,
				0,
				0,
				0,
				0,
				0,
				0,
				0,
				0,
				4,
				2,
				18,
				12,
				22,
				7,
				5,
				0,
				0,
				0,
				0,
				0,
				0,
				0,
				0,
				0,
				1,
				1,
				6,
				2,
				8,
				3,
				18,
				5,
				30,
				2,
				26,
				3,
				23,
				8,
				13,
				2,
				4,
				5,
				10,
				10,
				10,
				8,
				17,
				9,
				12,
				15,
				11,
				11
			]
		},
		"New Diagnostic Prevalence" : {
			"Units" : "Infected %",
			"Data" : [
				0,
				0,
				0,
				0,
				0,
				0,
				0,
				0,
				0,
				0,
				0,
				0,
				0,
				0,
				0,
				0,
				0,
				0.000499002,
				0.00199601,
				0.00249626,
				0.0254618,
				0.0264603,
				0.105395,
				0.105894,
				0.111888,
				0.111888,
				0.111888,
				0.111888,
				0.111888,
				0.111888,
				0.111832,
				0.111832,
				0.111832,
				0.111333,
				0.111333,
				0.111333,
				0.111333,
				0.110889,
				0.110889,
				0.110889,
				0.110889,
				0.110889,
				0.110889,
				0.110834,
				0.110834,
				0.110834,
				0.110834,
				0.110834,
				0.110834,
				0.110834,
				0.110834,
				0.110778,
				0.110778,
				0.110723,
				0.110778,
				0.110778,
				0.110778,
				0.110778,
				0.110723,
				0.110723,
				0.110723,
				0.110723,
				0.110668,
				0.110613,
				0.110613,
				0.110613,
				0.110668,
				0.110613,
				0.110613,
				0.110613,
				0.110613,
				0.109616,
				0.110613,
				0.107677,
				0.110115,
				0.103139,
				0.110558,
				0.1001,
				0.113104,
				0.111609,
				0.116094,
				0.115097,
				0.121076,
				0.120956,
				0.125373,
				0.125373,
				0.130846,
				0.128856,
				0.136318,
				0.136748,
				0.14435,
				0.140866,
				0.149826,
				0.149402,
				0.156452,
				0.152965,
				0.156452,
				0.150398,
				0.157292,
				0.148259
			]
		},
		"New Infections" : {
			"Units" : "",
			"Data" : [
				226,
				0,
				0,
				0,
				0,
				0,
				0,
				0,
				0,
				0,
				0,
				0,
				0,
				0,
				0,
				0,
				0,
				0,
				0,
				0,
				0,
				0,
				0,
				0,
				0,
				0,
				0,
				0,
				0,
				0,
				0,
				0,
				0,
				0,
				0,
				0,
				0,
				0,
				0,
				0,
				0,
				0,
				0,
				0,
				0,
				0,
				0,
				0,
				0,
				0,
				0,
				0,
				1,
				3,
				2,
				2,
				3,
				1,
				3,
				2,
				11,
				7,
				1,
				4,
				6,
				8,
				11,
				12,
				7,
				16,
				12,
				10,
				16,
				10,
				17,
				9,
				10,
				10,
				15,
				12,
				7,
				9,
				9,
				8,
				8,
				6,
				7,
				7,
				3,
				4,
				3,
				3,
				1,
				1,
				3,
				2,
				4,
				3,
				8,
				9
			]
		},
		"New Reported Infections" : {
			"Units" : "",
			"Data" : [
				120,
				0,
				0,
				0,
				0,
				0,
				0,
				0,
				0,
				0,
				0,
				0,
				0,
				0,
				0,
				0,
				0,
				0,
				0,
				0,
				0,
				0,
				0,
				0,
				0,
				0,
				0,
				0,
				0,
				0,
				0,
				0,
				0,
				0,
				0,
				0,
				0,
				0,
				0,
				0,
				0,
				0,
				0,
				0,
				0,
				0,
				0,
				0,
				0,
				0,
				0,
				0,
				1,
				2,
				1,
				1,
				1,
				0,
				2,
				1,
				8,
				2,
				0,
				4,
				1,
				3,
				6,
				3,
				4,
				10,
				7,
				4,
				7,
				4,
				7,
				6,
				5,
				4,
				5,
				6,
				3,
				3,
				6,
				3,
				7,
				3,
				3,
				4,
				1,
				1,
				2,
				1,
				0,
				0,
				0,
				2,
				2,
				1,
				6,
				7
			]
		},
		"New Severe Cases" : {
			"Units" : "",
			"Data" : [
				0,
				0,
				0,
				0,
				0,
				0,
				0,
				0,
				0,
				0,
				0,
				0,
				0,
				0,
				0,
				0,
				0,
				0,
				0,
				0,
				0,
				0,
				0,
				0,
				32,
				35,
				95,
				40,
				13,
				3,
				2,
				0,
				2,
				0,
				0,
				0,
				1,
				0,
				1,
				0,
				0,
				0,
				0,
				0,
				0,
				0,
				0,
				0,
				0,
				0,
				0,
				0,
				0,
				0,
				0,
				0,
				2,
				1,
				4,
				4,
				15,
				8,
				15,
				3,
				4,
				0,
				7,
				0,
				1,
				0,
				0,
				0,
				0,
				0,
				1,
				0,
				1,
				2,
				2,
				4,
				11,
				5,
				8,
				5,
				3,
				8,
				10,
				4,
				4,
				3,
				5,
				6,
				7,
				8,
				13,
				9,
				13,
				10,
				9,
				13
			]
		},
		"Parasite Prevalence" : {
			"Units" : "Infected %",
			"Data" : [
				0,
				0,
				0,
				0,
				0,
				0,
				0,
				0,
				0,
				0,
				0,
				0,
				0,
				0,
				0,
				0,
				0,
				0,
				0.00149701,
				0.00149775,
				0.0279581,
				0.0264603,
				0.105894,
				0.104396,
				0.111888,
				0.111888,
				0.111888,
				0.111888,
				0.111888,
				0.111888,
				0.111832,
				0.111832,
				0.111832,
				0.111333,
				0.111333,
				0.111333,
				0.111333,
				0.110889,
				0.110889,
				0.110889,
				0.110889,
				0.110889,
				0.110889,
				0.110834,
				0.110834,
				0.110834,
				0.110834,
				0.110834,
				0.110834,
				0.110834,
				0.110834,
				0.110778,
				0.110778,
				0.110723,
				0.110778,
				0.110279,
				0.110778,
				0.110778,
				0.110723,
				0.110723,
				0.110723,
				0.110723,
				0.110668,
				0.110613,
				0.110613,
				0.110613,
				0.110668,
				0.110613,
				0.110613,
				0.110613,
				0.110613,
				0.110613,
				0.110613,
				0.109172,
				0.109616,
				0.103637,
				0.111554,
				0.102092,
				0.113602,
				0.106627,
				0.115595,
				0.113104,
				0.122571,
				0.119462,
				0.125871,
				0.125871,
				0.129851,
				0.129353,
				0.136816,
				0.135256,
				0.142857,
				0.141862,
				0.151319,
				0.148406,
				0.156452,
				0.145989,
				0.16293,
				0.146414,
				0.158288,
				0.147264
			]
		},
		"Probability of New Infection" : {
			"Units" : "Infection Rate",
			"Data" : [
				0,
				0,
				0,
				0,
				0,
				0,
				0,
				0,
				0,
				0,
				0,
				0,
				0,
				0,
				0,
				0,
				0,
				0,
				0,
				0,
				0,
				0,
				0,
				0,
				0,
				0,
				0,
				0,
				0,
				0,
				0,
				0,
				0,
				0,
				0,
				0,
				0,
				0,
				0,
				0,
				0,
				0,
				0,
				0,
				0,
				0,
				0.000200803,
				0,
				0,
				0.000401606,
				0.000200803,
				0.000796041,
				0.00120004,
				0.000998631,
				0.000995041,
				0.000999025,
				0.000399208,
				0.00139782,
				0.000597815,
				0.000999608,
				0.00199782,
				0.00180041,
				0.00259942,
				0.00279923,
				0.00360182,
				0.00578793,
				0.00479685,
				0.00419382,
				0.00778029,
				0.00578428,
				0.00778327,
				0.00657355,
				0.00678193,
				0.00799218,
				0.00696232,
				0.00478514,
				0.00757586,
				0.00557584,
				0.00418875,
				0.00558282,
				0.00378577,
				0.00299228,
				0.00458852,
				0.00238394,
				0.0029901,
				0.00358416,
				0.00298218,
				0.0015901,
				0.0023901,
				0.00198554,
				0.00119466,
				0.00278318,
				0.000990099,
				0.00179585,
				0.0021913,
				0.00179268,
				0.00199664,
				0.0027873,
				0.00298868,
				0.00358531
			]
		},
		"Rainfall" : {
			"Units" : "mm/day",
			"Data" : [
				1.27,
				0.34925,
				0.127,
				0,
				0,
				0,
				3.87838,
				0,
				0.381,
				2.32064,
				0,
				3.14569,
				6.477,
				2.17854,
				3.81,
				2.032,
				9.779,
				17.526,
				14.478,
				0,
				2.794,
				6.477,
				24.511,
				0.127,
				12.954,
				0.254,
				12.573,
				33.401,
				0,
				4.699,
				16.51,
				17.018,
				16.002,
				12.446,
				3.556,
				0.508,
				2.54,
				0,
				3.048,
				2.67855,
				2.76225,
				0,
				0.254,
				13.97,
				0,
				2.032,
				4.445,
				3.556,
				0.635,
				2.54,
				0.254,
				43.434,
				7.493,
				0,
				0,
				8.255,
				0.508,
				6.985,
				65.024,
				28.575,
				40.513,
				11.049,
				0,
				0,
				3.99562,
				11.049,
				1.524,
				9.525,
				9.906,
				10.922,
				0,
				1.524,
				0.254,
				14.478,
				2.54,
				5.969,
				0,
				5.08,
				2.032,
				12.065,
				11.938,
				0,
				0,
				0,
				12.954,
				0,
				0,
				8.255,
				0,
				4.953,
				0,
				3.302,
				3.937,
				5.461,
				0,
				2.63769,
				5.461,
				14.478,
				1.27,
				0
			]
		},
		"Relative Humidity" : {
			"Units" : "",
			"Data" : [
				0.6,
				0.6,
				0.6,
				0.6,
				0.6,
				0.6,
				0.6,
				0.6,
				0.6,
				0.6,
				0.6,
				0.6,
				0.6,
				0.6,
				0.6,
				0.6,
				0.6,
				0.6,
				0.6,
				0.6,
				0.6,
				0.6,
				0.6,
				0.6,
				0.6,
				0.6,
				0.6,
				0.6,
				0.6,
				0.6,
				0.6,
				0.6,
				0.6,
				0.6,
				0.6,
				0.6,
				0.6,
				0.6,
				0.6,
				0.6,
				0.6,
				0.6,
				0.6,
				0.6,
				0.6,
				0.6,
				0.6,
				0.6,
				0.6,
				0.6,
				0.6,
				0.6,
				0.6,
				0.6,
				0.6,
				0.6,
				0.6,
				0.6,
				0.6,
				0.6,
				0.6,
				0.6,
				0.6,
				0.6,
				0.6,
				0.6,
				0.6,
				0.6,
				0.6,
				0.6,
				0.6,
				0.6,
				0.6,
				0.6,
				0.6,
				0.6,
				0.6,
				0.6,
				0.6,
				0.6,
				0.6,
				0.6,
				0.6,
				0.6,
				0.6,
				0.6,
				0.6,
				0.6,
				0.6,
				0.6,
				0.6,
				0.6,
				0.6,
				0.6,
				0.6,
				0.6,
				0.6,
				0.6,
				0.6,
				0.6
			]
		},
		"Statistical Population" : {
			"Units" : "Population",
			"Data" : [
				2000,
				1999,
				1999,
				2000,
				1999,
				1999,
				1999,
				2000,
				2000,
				2000,
				2001,
				2001,
				2002,
				2001,
				2001,
				2003,
				2004,
				2004,
				2004,
				2003,
				2003,
				2003,
				2002,
				2002,
				2002,
				2002,
				2002,
				2002,
				2002,
				2002,
				2003,
				2003,
				2003,
				2003,
				2003,
				2003,
				2003,
				2002,
				2002,
				2002,
				2002,
				2002,
				2002,
				2003,
				2003,
				2003,
				2003,
				2003,
				2003,
				2003,
				2003,
				2004,
				2004,
				2005,
				2004,
				2004,
				2004,
				2004,
				2005,
				2005,
				2005,
				2005,
				2006,
				2007,
				2007,
				2007,
				2006,
				2007,
				2007,
				2007,
				2007,
				2007,
				2007,
				2006,
				2007,
				2007,
				2008,
				2008,
				2007,
				2007,
				2007,
				2007,
				2007,
				2009,
				2010,
				2010,
				2010,
				2010,
				2010,
				2011,
				2009,
				2009,
				2009,
				2008,
				2007,
				2007,
				2007,
				2008,
				2009,
				2010
			]
		}
	}
}