{
	"Header" : {
		"DateTime" : "Wed Jul 08 10:48:17 2015",
		"DTK_Version" : "3807 v1.6Release 2014/04/16 16:05:41",
		"Report_Version" : "2",
		"Timesteps" : 100,
		"Subchannel_Metadata" : {
			"AxisLabels" : [
				"Vector Species"
			],
			"NumBinsPerAxis" : [
				1
			],
			"ValuesPerAxis" : [
				[
					0
				]
			],
			"MeaningPerAxis" : [
				[
					"farauti"
				]
			]
		},
		"Channels" : 4
	},
	"Channels" : {
		"Adult Vectors" : {
			"Units" : "",
			"Data" : [
				[
					7655,
					6442,
					5384,
					4407,
					3738.5,
					3097,
					2553.5,
					2138.5,
					1767.5,
					1468.5,
					1230,
					1009.5,
					842,
					709.5,
					589,
					484.5,
					410,
					339,
					281,
					241.5,
					200.5,
					167,
					132,
					2489.5,
					3128.5,
					4357.5,
					4990,
					6676.5,
					9560,
					8607.5,
					10053.5,
					9520,
					9093.5,
					9123.5,
					8254,
					7258,
					6586,
					6479,
					5583.5,
					4935,
					4560,
					4038.5,
					3550,
					3059.5,
					2666.5,
					2356.5,
					2022.5,
					3256.5,
					2690,
					6625,
					9276,
					11658,
					15467.5,
					17617.5,
					18994.5,
					22320,
					24906.5,
					28503.5,
					28161,
					27570.5,
					26954,
					24053.5,
					20813.5,
					18300.5,
					15781,
					13954,
					12214.5,
					10520.5,
					9152.5,
					7607,
					6797,
					5710,
					4912.5,
					4383.5,
					3785.5,
					3294.5,
					3026,
					3247,
					4068.5,
					3937.5,
					5504,
					5008.5,
					5474.5,
					11380.5,
					16591,
					13765,
					21809.5,
					25992.5,
					25839,
					29191,
					30779,
					33204.5,
					31212.5,
					30503,
					27828.5,
					27590,
					25032,
					22923,
					21410.5,
					19628
				]
			]
		},
		"Daily EIR" : {
			"Units" : "",
			"Data" : [
				[
					0,
					0,
					0,
					0,
					0,
					0,
					0,
					0,
					0,
					0,
					0,
					0,
					0,
					0,
					0,
					0,
					0,
					0,
					0,
					0,
					0,
					0,
					0,
					0,
					0,
					0,
					0,
					0,
					0,
					0,
					0,
					0,
					0,
					0,
					0,
					0,
					0,
					0,
					0,
					0,
					0,
					0,
					0,
					0,
					0,
					0,
					0.000502008,
					0,
					0,
					0.00100402,
					0.000502008,
					0.0019901,
					0.0030001,
					0.00249658,
					0.0024876,
					0.00249756,
					0.00099802,
					0.00349454,
					0.00149454,
					0.00249902,
					0.00499456,
					0.00450102,
					0.00649855,
					0.00699807,
					0.00900454,
					0.0144698,
					0.0119921,
					0.0104845,
					0.0194507,
					0.0144607,
					0.0194582,
					0.0164339,
					0.0169548,
					0.0199804,
					0.0174058,
					0.0119629,
					0.0189397,
					0.0139396,
					0.0104719,
					0.0139571,
					0.00946442,
					0.00748069,
					0.0114713,
					0.00595986,
					0.00747525,
					0.0089604,
					0.00745545,
					0.00397525,
					0.00597525,
					0.00496385,
					0.00298665,
					0.00695795,
					0.00247525,
					0.00448962,
					0.00547825,
					0.00448171,
					0.0049916,
					0.00696825,
					0.00747169,
					0.00896329
				]
			]
		},
		"Daily HBR" : {
			"Units" : "",
			"Data" : [
				[
					8.026,
					0,
					1.29544,
					3.2975,
					0.224785,
					1.0958,
					1.50096,
					0.202364,
					0.89721,
					0.58992,
					0.159293,
					0.574844,
					0.282191,
					0.167406,
					0.286914,
					0.155239,
					0.097259,
					0.165714,
					0.0828175,
					0.0633953,
					0.10143,
					0.0443875,
					0.0524747,
					0.0429712,
					1.93889,
					0.921376,
					1.7264,
					2.05158,
					2.93226,
					3.93341,
					1.93326,
					4.00775,
					3.25562,
					2.35085,
					3.295,
					2.53197,
					1.8468,
					2.24468,
					2.48557,
					1.374,
					1.52961,
					1.70171,
					1.08544,
					1.16795,
					0.94886,
					0.867598,
					0.754264,
					0.570445,
					1.70285,
					0.482186,
					3.94767,
					4.10206,
					3.72223,
					7.17178,
					6.51347,
					6.41281,
					9.44277,
					9.52207,
					9.87876,
					8.48562,
					9.16451,
					9.26656,
					5.81193,
					6.86069,
					6.06584,
					4.56505,
					4.11769,
					3.71548,
					3.12803,
					2.47509,
					2.32253,
					2.10852,
					1.5762,
					1.44952,
					1.43664,
					0.930797,
					1.02986,
					1.07298,
					1.08449,
					1.8154,
					1.08867,
					2.37129,
					1.45333,
					1.78002,
					6.97447,
					6.64397,
					2.57731,
					11.7319,
					10.3497,
					5.81437,
					13.2715,
					11.4499,
					9.25528,
					11.4417,
					10.0625,
					8.04429,
					10.0921,
					7.73932,
					6.81376,
					7.55709
				]
			]
		},
		"Infectious Vectors" : {
			"Units" : "",
			"Data" : [
				[
					0,
					0,
					0,
					0,
					0,
					0,
					0,
					0,
					0,
					0,
					0,
					0,
					0,
					0,
					0,
					0,
					0,
					0,
					0,
					0,
					0,
					0,
					0,
					0,
					0,
					0,
					0,
					0,
					0,
					0,
					0,
					0,
					0,
					0,
					0,
					0,
					0,
					0,
					0,
					0,
					0,
					0,
					0,
					0,
					0,
					0.000212179,
					0.000494438,
					0.000614156,
					0.00111524,
					0.000603774,
					0.000646831,
					0.000600446,
					0.000549539,
					0.000510856,
					0.000421175,
					0.000291219,
					0.000301126,
					0.000228042,
					0.000355101,
					0.000417112,
					0.000723455,
					0.000976989,
					0.00103298,
					0.0013934,
					0.00256638,
					0.00304572,
					0.00356134,
					0.00456252,
					0.00590003,
					0.00670435,
					0.00831249,
					0.00998249,
					0.0115013,
					0.0127752,
					0.0155858,
					0.0166945,
					0.0152016,
					0.013551,
					0.0102003,
					0.00876191,
					0.00545058,
					0.00588999,
					0.00511462,
					0.00232854,
					0.00144657,
					0.00159826,
					0.000848254,
					0.000615562,
					0.000619219,
					0.000513857,
					0.000487345,
					0.000376455,
					0.000432519,
					0.000475363,
					0.000503081,
					0.00057992,
					0.000679131,
					0.00115604,
					0.00137783,
					0.00112085
				]
			]
		}
	}
}